{
  "dig_buttons": [
    4
  ],
  "axis_centers": {
    "0": {
      "0": -0.0078125,
      "1": -0.0078125,
      "2": -0.0078125,
      "3": 0.0,
      "4": -0.0078125,
      "5": -0.0078125
    }
  },
  "deadzone": 0.45
}